{"time": ["space age", "eternity", "universal time", "minute", "future", "day",
  "indication", "yesteryear", "hard time", "hereafter", "fourth dimension", "hard times", "mold",
  "daylight-savings time", "quantify", "schedule", "ut1", "ephemera", "duration", "past times",
  "moment", "wee", "geologic time", "spacecraft clock time", "influence", "second", "musical time",
  "period of time", "geological time", "life", "experience", "period", "time period", "hour", "shape",
  "set", "continuum", "time to come", "case", "dead", "local time", "biological time", "ut", "term",
  "time of day", "instance", "prime time", "time", "patch", "civil time", "gmt", "reading", "adjust", "sclk",
  "while", "determine", "standard time", "meter reading", "mistime", "instant", "clock", "example", "spell",
  "sentence", "greenwich mean time", "clip", "incarnation", "continuance", "daylight savinintengs", "daylight saving",
  "attribute", "nowadays", "present", "bit", "occasion", "regulate", "measure", "clock time", "infinity",
  "greenwich time", "futurity", "prison term", "cosmic time", "correct", "meter", "piece", "past",
  "daylight-saving time", "high time", "rhythmicity", "life sentence", "am", "h", "s", "m", "pm"],
  "intensity": ["radio brightness", "intensity level", "color property", "chroma", "forte", "intensiveness",
    "vividness", "severity", "strength", "furiousness", "magnitude", "force", "vehemence", "field strength",
    "sound property", "light intensity", "wildness", "degree", "half-intensity", "threshold level", "saturation",
    "crescendo", "acoustic power", "top", "violence", "sound pressure level", "badness", "fortissimo", "candlepower",
    "fierceness", "fury", "level", "volume", "intensity", "emphasis", "ferocity", "field intensity", "severeness",
    "grade", "loudness", "forcefulness"], "event": ["result", "human activity", "placebo effect", "impact", "event",
  "product", "offshoot", "butterfly effect", "migration", "reverberation", "consequence", "outgrowth", "side effect",
  "domino effect", "outcome", "physical phenomenon", "happening", "occurrence", "coattails effect", "social event",
  "repercussion", "aftereffect", "influence", "issue", "aftermath", "coriolis effect", "circumstance", "group action",
  "spillover", "miracle", "phenomenon", "makeup", "act", "branch", "knock-on effect", "case", "by-product", "effect",
  "position effect", "wallop", "harvest", "materialisation", "occurrent", "human action", "materialization", "zap",
  "deed", "natural event", "fallout", "wake", "might-have-been", "backwash", "change", "nonevent", "offspring",
  "bandwagon effect", "offset", "response", "upshot", "byproduct", "dent", "brisance", "psychological feature", "make-up"],
  "duration": ["briefness", "permanence", "time scale", "impermanency", "stint", "note value", "longness",
    "protraction", "length", "prolongation", "endlessness", "span", "temporal property", "transience", "rule",
    "duration", "continuance", "value", "longueur", "continuation", "residence time", "stretch", "impermanence",
    "period of time", "period", "time period", "shortness", "clocking", "permanency", "lengthiness", "brevity",
    "time value", "time"], "population": ["collection", "group", "aggregation", "whole number", "accumulation",
  "subpopulation", "universe", "integer", "overpopulation", "people", "grouping", "population", "settlement",
  "home front", "colonisation", "assemblage", "colonization"],
  "mud": ["bleaching earth", "mud pie", "slop", "clay", "dirt", "muck up", "begrime", "daub", "mire", "muck",
    "slander", "mud", "bleaching clay", "bemire", "grime", "soil", "plaster", "dirty", "colly"],
  "thatched": ["thatched", "thatch", "roof"],
  "masonry": ["building", "brickwork", "craft", "structure", "stonework", "freemasonry", "dry masonry", "bricklaying",
    "construction", "secret society", "trade", "masonry"],
  "reparable": ["reparable", "rectifiable"],
  "market": ["grocery store", "gray market", "bazaar", "buyer's market", "merchandise", "commercialise",
    "grey market", "market square", "open-air market", "seller's market", "stratum", "slave market", "greengrocery",
    "commercial enterprise", "wall street", "social class", "agora", "deal", "supermarket", "open-air marketplace",
    "activity", "mart", "the city", "food market", "bull market", "soft market", "market place", "buyers' market",
    "industry", "modify", "bazar", "business enterprise", "shelf", "commercialize", "marketplace", "retail store",
    "outlet", "black market", "socio-economic class", "shop", "offer", "market", "sell", "trade", "the street",
    "sellers' market", "bear market", "class", "monopsony", "monopoly", "alter", "labor market", "public square",
    "change", "mercantile establishment", "business", "sales outlet", "grocery", "securities industry",
    "money market", "oligopoly"], "household": ["family", "social unit", "nuclear family", "foster family",
  "household", "menage a trois", "broken home", "conjugal family", "extended family", "foster home", "unit", "house",
  "menage", "home"], "injured": ["spite", "affront", "break", "damage", "subluxate", "run over", "trample", "mortify",
  "harm", "stab", "shoot", "turn", "wound", "rick", "chagrin", "wrick", "contuse", "fire", "twist", "humiliate",
  "skin", "lacerate", "sprain", "enkindle", "knife", "offend", "pip", "shock", "abase", "hit", "injured",
  "overstretch", "provoke", "raise", "sting", "wrench", "torment", "injure", "excruciate", "evoke", "traumatize",
  "run down", "diss", "concuss", "bruise", "insult", "calk", "torture", "humble", "disable", "graze", "elicit",
  "maim", "hurt", "arouse", "incapacitate", "kindle", "pull", "scrape", "traumatise", "invalid", "handicap", "fracture"],
  "dead": ["stagnant", "slain", "numb", "perfectly", "idle", "time", "utter", "deadened", "suddenly","death",
    "drained", "absolutely", "beat", "bushed", "people", "short", "dead", "utterly", "abruptly", "all in"],
  "missing": ["go wrong", "avoid", "jump", "forget", "fail", "want", "escape", "leave out", "absent", "lacking",
    "skip over", "exclude", "missing", "pass over", "lose", "overleap", "lack", "regret", "desire", "neglect",
    "cut", "wanting", "miscarry", "miss", "overlook", "undershoot", "drop", "pretermit", "skip", "overshoot", "omit"],
  "storage": ["powder store", "non-volatile storage", "read-only memory", "repository", "reposition", "holding",
    "information processing system", "treasure house", "volatile storage", "real storage", "computer operation",
    "scratchpad", "computing machine", "computer memory", "depository", "powder magazine", "commercial enterprise",
    "memory device", "virtual memory", "stowage", "deposition", "data processor", "store", "garner", "virtual storage",
    "computing device", "business enterprise", "electronic computer", "tankage", "storage device", "entrepot",
    "cold storage", "fragmentation", "fixed storage", "filing", "memory board", "computer storage", "warehousing",
    "memory", "warehouse", "storage", "granary", "dump", "machine operation", "depot", "register", "storehouse",
    "computer", "magazine", "stowing", "retention", "railhead", "read-only storage", "storage warehouse", "repositing",
    "depositary", "deposit", "hardware", "rom", "business", "nonvolatile storage", "computer hardware", "stockpiling",
    "keeping"], "energy": ["energy department", "chi", "department of energy intelligence", "mechanical energy",
  "push", "electrical energy", "zip", "activation energy", "doe", "energy", "binding energy", "good health",
  "department of energy", "strength", "qi", "work", "juice", "force", "energy of activation", "physical phenomenon",
  "get-up-and-go", "alternative energy", "electricity", "vigour", "second wind", "strenuosity", "energy level",
  "atomic energy", "vitality", "radiant energy", "chemical energy", "sprightliness", "spirit", "energy state",
  "liveliness", "ch'i", "heat energy", "vim", "free energy", "life", "executive department", "heat", "doei",
  "separation energy", "verve", "radiation", "rest energy", "drive", "athleticism", "nuclear energy", "healthiness",
  "vigor", "ki", "muscularity", "forcefulness"], "utensils": ["ceramic ware", "kitchen utensil", "utensil",
  "copperware", "implement", "funnel", "server", "utensils"], "damage": ["break", "harm", "spot price", "wound",
  "cash price", "disturb", "afflict", "ravel", "smash up", "frost", "whittle away", "wear away", "whittle down",
  "valuation", "rust", "disfiguration", "cost", "bid price", "injure", "scathe", "cut up", "blemish", "modification",
  "equipment casualty", "disfigurement", "eat", "mar", "support level", "alter", "distortion", "hurt", "fret",
  "vitiate", "alteration", "deformation", "damage", "impairment", "highway robbery", "defloration", "operational damage",
  "wrong", "smash", "spoil", "change of integrity", "wounding", "selling price", "injury", "bang up", "detriment",
  "terms", "smite", "legal injury", "purchase price", "burn", "eat away", "ladder", "modify", "casualty", "price",
  "defacement", "asking price", "erode", "total", "run", "closing price", "bruise", "mutilate", "operational casualty",
  "bilge", "combat casualty", "impair", "change", "corrode", "mangle", "flaw", "shatter", "deflower", "factory price",
  "battle damage"], "vaccination": ["vaccination", "cicatrice", "cicatrix", "scar", "inoculation", "immunisation",
  "immunization"], "diseases": ["autoimmune disorder", "animal disease", "pycnosis", "inherited disorder", "blackwater",
  "disease of the neuromuscular junction", "periodontal disease", "endemic", "filariasis", "pseudorubella", "malignancy",
  "cystic mastitis", "marseilles fever", "congenital disease", "unwellness", "hereditary disease", "mimesis",
  "genetic disease", "periarteritis nodosa", "crud", "boutonneuse fever", "inflammatory disease",
  "mucocutaneous lymph node syndrome", "periodontitis", "pyknosis", "incompetence", "fibrocystic breast disease",
  "enteropathy", "genetic abnormality", "malady", "genetic defect", "malignance", "communicable disease",
  "exanthema subitum", "goitre", "kawasaki disease", "sign", "fibrocystic disease of the breast", "eye disease",
  "illness", "ozaena", "sickness", "disease", "anthrax", "roseola infantilis", "genetic disorder",
  "ozena", "plant disease", "complication", "skin disorder", "aspergillosis", "struma", "thyromegaly",
  "onychosis", "respiratory disease", "syndrome", "milk sickness", "polyarteritis nodosa", "goiter",
  "occupational disease", "deficiency disease", "pappataci fever", "disease of the skin", "autoimmune disease",
  "meniere's disease", "respiratory illness", "indian tick fever", "inherited disease", "sandfly fever",
  "endemic disease", "liver disease", "cystic breast disease", "respiratory disorder", "cat scratch disease",
  "industrial disease", "phlebotomus", "symptom", "hereditary condition", "diseases", "skin disease", "rheumatism",
  "roseola infantum", "kenya fever"], "emergency": ["crisis", "parking brake", "motor vehicle", "exigency", "brake",
  "emergency", "temporary state", "emergency brake", "pinch", "automotive vehicle", "hand brake"],
  "cleaning": ["housecleaning", "douche", "pick", "clean up", "tidy up", "take away", "purging", "sweep",
    "bathe", "disinfect", "sanitisation", "spring-cleaning", "lave", "cleanse", "hoover", "purification",
    "decontaminate", "be", "depilation", "pipe-clay", "sterilization", "dry cleaning", "bream", "tidy", "groom",
    "preen", "soap", "bath", "alter", "scouring", "sterilisation", "cleanup", "neaten", "improvement",
    "sweeping", "launder", "deprive", "remove", "take", "straighten out", "sanitize", "lather",
    "spring-clean", "make clean", "hygienise", "dry clean", "cleaning", "divest", "wash up", "steam",
    "vacuum-clean", "brush", "modify", "bathing", "square away", "plume", "wash", "washup", "withdraw",
    "clean house", "straighten", "epilation", "sanitization", "dust", "scrubbing", "vacuum", "clean",
    "do the dishes", "cleansing", "steam clean", "strip", "disinfestation", "change", "sanitise", "floss",
    "scrub", "scavenge", "purge", "sanitation", "g.i.", "hygienize", "houseclean", "gi"],
  "treatment": ["orthoptics", "shiatsu", "bioremediation", "therapeutic", "discourse", "consideration", "treatment",
    "remedy", "attention", "massage", "orthodontic treatment", "autogenic training", "g-jo",
    "naturopathy", "fomentation", "artistic style", "autogenics", "communication", "talk", "osteopathy",
    "hydrotherapy", "enlargement", "direction", "discussion", "detail", "care", "tending", "naprapathy", "idiom",
    "intervention", "rest-cure", "chiropractic", "acupressure", "aid", "acupuncture", "dealing", "curative", "dilation",
    "autogenic therapy", "detoxification", "modality", "medical aid", "stylostixis", "handling", "hydropathy",
    "osteoclasis", "management", "expansion", "cure", "medical care", "elaboration", "communicating"],
  "toilets": ["potty chair", "toilet facility", "bad luck", "misfortune", "throne", "loo", "toilet bowl",
    "potty seat", "wash room", "toilet seat", "closet", "john", "toilets", "gutter", "crapper", "plumbing fixture",
    "bathroom", "privy", "head", "flush toilet", "tough luck", "ill luck", "lav", "restroom", "stool", "commode",
    "public convenience", "sewer", "room", "water closet", "comfort station", "toilet", "public toilet", "convenience",
    "lavatory", "pot", "washroom", "flushless toilet", "bath", "public lavatory", "grooming", "potty", "dressing",
    "can", "w.c.", "toilette"], "seeds": ["muse", "fruit", "jumping bean", "reseed", "grain", "safflower seed",
  "seed", "rate", "bear", "take away", "nut", "body fluid", "sow", "oilseed", "place", "pip", "ash-key", "player",
  "spermatozoon", "sperm", "mexican jumping bean", "participant", "oil-rich seed", "disgorge", "order", "position",
  "endosperm", "treat", "coffee bean", "episperm", "pericarp", "edible seed", "babassu nut", "finance", "nicker seed",
  "conker", "process", "rank", "range", "semen", "set", "seminal fluid", "sow in", "put", "scatter", "coffee berry",
  "grade", "ejaculate", "kernel", "source", "coquilla nut", "take", "inspiration", "pose", "ovule", "germ", "caryopsis",
  "seeded player", "bonduc nut", "testa", "nicker nut", "milt", "shed", "taproot", "cohune nut", "seeds", "bean",
  "seed vessel", "ivory nut", "jumping seed", "withdraw", "job's tears", "vegetable ivory", "humour", "come",
  "spermatozoan", "meat", "apple nut", "seed coat", "inoculate", "lay", "sperm cell", "bodily fluid", "spill",
  "coffee", "inseminate", "cum", "buckeye", "neem seed", "horse chestnut", "liquid body substance", "broadcast",
  "humor", "turn out", "remove"], "harvest": ["yield", "harvest", "result", "withdraw", "haying", "reap", "take",
  "issue", "output", "agriculture", "fruitage", "event", "glean", "farming", "gather", "crop", "take away",
  "time of year", "consequence", "cut", "pull together", "harvest home", "season", "collect", "gathering",
  "harvesting", "upshot", "garner", "outcome", "effect", "husbandry", "harvest time", "remove"],
  "fisheries": ["pearl fishery", "fisheries", "work", "fishery", "piscary", "workplace"],
  "cattle": ["cattle", "ox", "bos taurus", "beef", "welsh", "milker", "milk cow", "cow", "welsh black", "bovine",
    "dairy cattle", "oxen", "steer", "africander", "stirk", "cows", "bull", "boeuf", "milch cow", "bullock", "kine",
    "devon", "moo-cow", "beef cattle", "dairy cow", "grade", "milcher", "red poll"],
  "transportation": ["freight", "flying field", "federal aviation agency", "transferral", "tsa", "carry",
    "transshipment", "deportation", "airfield", "movement", "ferrying", "commercialism", "connexion", "faa",
    "hauling", "terminal", "expressage", "bringing", "freightage", "facility", "exile", "public transit",
    "business enterprise", "installation", "express", "charge", "airlift", "transport", "public transport",
    "lighterage", "lift", "air transport", "connection", "base", "transportation security administration",
    "proscription", "line", "shipping", "bridge", "fare", "telferage", "drive", "taxi fare", "banishment",
    "relocation", "business", "cab fare", "infrastructure", "short line", "delivery", "telpherage", "ferry",
    "air transportation system", "commerce", "dot", "commercial enterprise", "train fare", "span",
    "transportation system", "pickup", "transportation", "bus fare", "mercantilism", "transfer",
    "united states coast guard", "way", "u. s. coast guard", "teleportation", "transit", "air transportation",
    "department of transportation", "carfare", "resettlement", "executive department", "airfare", "depot", "trucking",
    "terminus", "field", "highway system", "us coast guard", "conveyance", "truckage", "landing field", "navigation",
    "expatriation"], "fuel": ["lamp oil", "provide", "fuel", "gas", "kerosene", "igniter", "lighter",
  "combustible material", "gasolene", "methanol", "take up", "coal gas", "wood coal", "nuclear fuel",
  "coal oil", "wood spirit", "furnish", "fire", "biomass", "gasoline", "fuel oil", "excite", "petrol", "ignitor",
  "diesel oil", "bunker", "kerosine", "shake", "heating oil", "render", "coke", "propane", "supply", "water gas",
  "stimulate", "diesel fuel", "substance", "shake up", "illuminant", "combustible", "fossil fuel", "methyl alcohol",
  "red fire", "stir", "gasohol", "gas up", "refuel", "butane", "take in", "wood alcohol", "firewood", "charcoal"],
  "telecommunication": ["telephone", "electrical engineering", "telephony", "telecommunication", "ee", "telegraphy",
    "multiplex", "medium", "telecom", "broadcasting", "wireless"], "help": ["donate","paraprofessional", "encouragement",
  "expedite", "provide", "encourage", "tender", "facilitator", "whipper-in", "dresser", "refrain", "bootstrap",
  "help", "succor", "aide", "labor coach", "relief", "mannikin", "poser", "underling", "bat boy",
  "chief assistant", "help out", "amend", "forbear", "activity", "ministration", "supporter", "exploit", "advance",
  "care", "succour", "underboss", "confederate", "subsidiary", "service", "refuge", "event planner", "attendant",
  "hand", "supply", "further", "attend to", "alleviate", "self-help", "lift", "enforcer", "aid", "avail", "mannequin",
  "ply", "auxiliary", "secretarial assistant", "resource", "helper", "hatchet man", "bring around", "attender", "serve",
  "fashion model", "comfort", "manikin", "hasten", "promote", "subordinate", "man friday", "meliorate", "instrument",
  "actor's assistant", "helpfulness", "boost", "resort", "facilitate", "benefact", "ease", "lieutenant", "help oneself",
  "manakin", "water boy",
  "accommodation", "facilitation", "coadjutor", "prompter", "back up", "sidesman", "pawn", "better", "flower girl", "secretary",
  "work", "cater", "dental assistant", "foot soldier", "support", "assistant", "monitrice", "benefit", "cat's-paw", "assist", "waterer", "birthing coach",
  "right-hand man", "ameliorate", "assistance", "powder monkey", "attend", "heal", "worker", "theater prompter", "girl friday", "thanks", "give care", "deputy", "model",
  "wait on", "subserve", "recourse", "doula", "accomplice", "helping hand", "improve", "cure", "do good"],
  "shelter": ["provide", "living accommodations", "structure", "asylum", "bell cote", "domiciliate", "doghouse", "diminution",
    "birdhouse", "lodging", "indemnity", "place", "tornado cellar", "tax shelter", "refugee camp", "pigeon loft", "army hut", "refuge",
    "render", "supply", "housing", "invest", "commit", "sanctuary", "storm cellar", "lean-to", "stable", "put", "stall", "camp", "mantelet", "hut",
    "protection", "dugout", "cote", "hutch", "furnish", "oasis", "shanty", "sentry box", "loft", "dog house", "harbor",
    "put up", "field hut", "construction", "house", "security", "hovel", "insurance", "collapsible shelter", "decrease",
    "sconce", "cyclone cellar", "roost", "tent", "reduction", "kennel", "fallout shelter", "protective covering", "radioprotection",
    "mantlet", "haven", "harbour", "canopy", "cookhouse", "shack", "shelter", "bell cot", "protective cover", "step-down"],
  "education": ["assimilation", "vocational education", "preparation", "self-education", "encyclopedism", "teaching",
    "classwork", "homework", "school", "schooling", "special education", "classroom project", "team teaching",
    "enlightenment", "vocational training", "department of education", "work-study program", "course", "scholarship",
    "extension service", "extracurricular activity", "cognitive content", "learnedness", "activity", "acquisition", "lesson",
    "education department", "training", "encyclopaedism", "elementary education", "prep", "eruditeness", "upbringing",
    "learning", "profession", "breeding", "content", "higher education", "acculturation", "secondary education", "foundation",
    "experience", "executive department", "instruction", "self-cultivation", "mental object", "class", "course of study",
    "course of instruction", "educational activity", "coeducation", "physical education", "didactics", "extension",
    "erudition", "university extension", "grounding", "education", "pedagogy", "mastering", "continuing education"]}